loss,acc,val_loss,val_acc
0.8632368962385077,0.751146487701877,0.8644160011585936,0.7265084024655878
0.7792763642022255,0.7863753759752362,0.843356333815312,0.7279545276352738
