loss,acc,val_loss,val_acc
1.1081539356869772,0.5691567546415427,1.1213472759259087,0.5423123286755781
0.9989531007224303,0.6266275413458138,1.056450909570117,0.6508906855192055
